sample_name	sample_name_water	description	control_status	sample_pairing	sample_pairs	esp_storage_carousel	sample_station	auv_latitude_deg	auv_longitude_deg	archive_bottom	puck_no_7-0xxx	sample_type	collection_date	modis_cyanoindex	modis_cyanoindex_date	collection_modis_same_date	site	region	time_started_filtering	filtration_duration_hhmmss	auv_avg_sample_depth_m	auv_range_sample_depth_m	large_depth_range	auv_sample_volume	auv_chlorophyll_mean_ug_per_l	auv_oxygen_mean_ug_per_l	auv_par_mean_umol_s_m2	auv_temp_mean_degc	time_of_day	qpcr_16s_total_cyano_cpr	total_cyanobacteria_qpcr_gc_per_ml	qpcr_toxin_mcye_cpr	mcye_qpcr_gc_per_ml	sample_potency	deployment_notes	sample_number_16s	sample_number_18s	sample_number_shotgun	filter_size	concentration_ng_per_ul	volume_ul	sequencing_notes	sequencing_number_no_data
Zymo_Std_Staggered	Zymp_Std_Staggered	Community standard	mock community																																	134804	136581.0		Not applicable	1.25	80	Create and run amplicons with NEXTFLEX 16S V4 Amplicon-Seq 2.0 AND NEXTFLEX 18S ITS Amplicon-Seq for this sample. 16S/18S amplicons will have different barcodes, but be run on single MiSeq run.	
Zymo_Std_Even	Zymo_Std_Even	Community standard	mock community																																	134803	136580.0	134890.0	Not applicable	1.25	120	Create and run amplicons with NEXTFLEX 16S V4 Amplicon-Seq 2.0 AND NEXTFLEX 18S ITS Amplicon-Seq for this sample. 16S/18S amplicons will have different barcodes, but be run on single MiSeq run. Save enough sample for Genomic Library Prep and NovaSeq Run.	
SC60_22	SC60	Lake Erie positive control	positive control			SC60	PreCanPositive - Lake water			196.0	184.0	Archive 5.0um/0.2um	2018-08-21				Lab		14:00:24.240000	00:01:35	Lab			23.0					Lab	96145.69513156172	418024.7614415727	969.1725550148551	842.7587434911783	0.002016049816247478	boat samples for ELISA analysis - Van Doren bottle, 3 m depth	134713	136486.0	134808.0	0.22um	0.7	88	Create and run amplicons with NEXTFLEX 16S V4 Amplicon-Seq 2.0 AND NEXTFLEX 18S ITS Amplicon-Seq for this sample. 16S/18S amplicons will have different barcodes, but be run on single MiSeq run. Save enough sample for Genomic Library Prep and NovaSeq Run.	
SC60_50	SC60	Lake Erie positive control	positive control			SC60	PreCanPositive - Lake water			196.0	184.0	Archive 5.0um/0.2um	2018-08-21				Lab		14:00:24.240000	00:01:35	Lab			23.0					Lab	96145.69513156172	418024.7614415727	969.1725550148551	842.7587434911783	0.002016049816247478	boat samples for ELISA analysis - Van Doren bottle, 3 m depth	134712	136485.0	134807.0	5.0um	4.3	73	Create and run amplicons with NEXTFLEX 16S V4 Amplicon-Seq 2.0 AND NEXTFLEX 18S ITS Amplicon-Seq for this sample. 16S/18S amplicons will have different barcodes, but be run on single MiSeq run. Save enough sample for Genomic Library Prep and NovaSeq Run.	
SC58_22	SC58	Lake Erie negative control	negative control			SC58	PostCanNeg			182.0	94.0	Archive 5.0um/0.2um	2018-08-22				Lab		18:03:30.330000	00:39:05	Lab			1000.0					Lab	48.571526594800275	0.9714305318960055					134715			0.22um	0	88	Create and run amplicons with NEXTFLEX 16S V4 Amplicon-Seq 2.0 AND NEXTFLEX 18S ITS Amplicon-Seq for this sample. 16S/18S amplicons will have different barcodes, but be run on single MiSeq run.	136488.0
SC58_50	SC58	Lake Erie negative control	negative control			SC58	PostCanNeg			182.0	94.0	Archive 5.0um/0.2um	2018-08-22				Lab		18:03:30.330000	00:39:05	Lab			1000.0					Lab	48.571526594800275	0.9714305318960055					134714			5.0um	0	68	Create and run amplicons with NEXTFLEX 16S V4 Amplicon-Seq 2.0 AND NEXTFLEX 18S ITS Amplicon-Seq for this sample. 16S/18S amplicons will have different barcodes, but be run on single MiSeq run.	136487.0
SC56_22	SC56	Lake Erie sample	Lake Erie sample	paired with SC55, SC54	1.0	SC56	Field 1	41.9052944738586	-83.2244608785034	52.0		Archive 5.0um/0.2um	2018-08-23	Absent	2018-08-23	Yes	Stony Point	w_boundary	17:38:24.160000	00:47:53	3.937455288798313	8.126547906126294	Yes	738.0	2.23866054260158	8052.16099345104	390.411734165189	24.3053154925422	Late	1104611.3672510197	149676.3370258834	38888.29503517433	1053.883334286567	0.007041081811778437	boat sample: 3:34:00 PM, 8/23/2018	134717	136490.0	134810.0	0.22um	21.9	88	Create and run amplicons with NEXTFLEX 16S V4 Amplicon-Seq 2.0 AND NEXTFLEX 18S ITS Amplicon-Seq for this sample. 16S/18S amplicons will have different barcodes, but be run on single MiSeq run. Save enough sample for Genomic Library Prep and NovaSeq Run.	
SC56_50	SC56	Lake Erie sample	Lake Erie sample	paired with SC55, SC54	1.0	SC56	Field 1	41.9052944738586	-83.2244608785034	52.0		Archive 5.0um/0.2um	2018-08-23	Absent	2018-08-23	Yes	Stony Point	w_boundary	17:38:24.160000	00:47:53	3.937455288798313	8.126547906126294	Yes	738.0	2.23866054260158	8052.16099345104	390.411734165189	24.3053154925422	Late	1104611.3672510197	149676.3370258834	38888.29503517433	1053.883334286567	0.007041081811778437	boat sample: 3:34:00 PM, 8/23/2018	134716	136489.0	134809.0	5.0um	29.2	73	Create and run amplicons with NEXTFLEX 16S V4 Amplicon-Seq 2.0 AND NEXTFLEX 18S ITS Amplicon-Seq for this sample. 16S/18S amplicons will have different barcodes, but be run on single MiSeq run. Save enough sample for Genomic Library Prep and NovaSeq Run.	
SC54_22	SC54	Lake Erie sample	Lake Erie sample	paired with SC56, SC55	1.0	SC54	Field 3	41.9107870715159	-83.2103307908826	195.0		Archive 5.0um/0.2um	2018-08-23	Absent	2018-08-23	Yes	Stony Point	w_boundary	23:52:54.270000	00:45:15	4.031867157949044	8.318490538997711	Yes	689.0	3.68400831090079	8174.73794690964	-0.553731189437315	24.0683662528146	Night	846679.622790445	122885.28632662482	4578.74666470677	132.90991769830973	0.0010815771494810192	3G arrived at 2am.  Sample for Eliza about 12 earlier	134719		134812.0	0.22um	25.5	87	Create and run amplicons with NEXTFLEX 16S V4 Amplicon-Seq 2.0 AND NEXTFLEX 18S ITS Amplicon-Seq for this sample. 16S/18S amplicons will have different barcodes, but be run on single MiSeq run. Save enough sample for Genomic Library Prep and NovaSeq Run.	136492.0
SC54_50	SC54	Lake Erie sample	Lake Erie sample	paired with SC56, SC55	1.0	SC54	Field 3	41.9107870715159	-83.2103307908826	195.0		Archive 5.0um/0.2um	2018-08-23	Absent	2018-08-23	Yes	Stony Point	w_boundary	23:52:54.270000	00:45:15	4.031867157949044	8.318490538997711	Yes	689.0	3.68400831090079	8174.73794690964	-0.553731189437315	24.0683662528146	Night	846679.622790445	122885.28632662482	4578.74666470677	132.90991769830973	0.0010815771494810192	3G arrived at 2am.  Sample for Eliza about 12 earlier	134718	136491.0	134811.0	5.0um	31.6	52	Create and run amplicons with NEXTFLEX 16S V4 Amplicon-Seq 2.0 AND NEXTFLEX 18S ITS Amplicon-Seq for this sample. 16S/18S amplicons will have different barcodes, but be run on single MiSeq run. Save enough sample for Genomic Library Prep and NovaSeq Run.	
SC53_22	SC53	Lake Erie sample	Lake Erie sample	paired with SC52, SC51	2.0	SC53	Field 4	41.912283641221	-83.200988007138	194.0	64.0	Archive 5.0um/0.2um	2018-08-24	Absent	2018-08-24	Yes	Stony Point	w_boundary	06:17:45.430000	00:16:38	3.0172893297375953	1.0957050605630898	No	265.0	1.67912697134347	7733.55751616379	-0.511412664939617	24.1363083017283	Early	272780.9113006811	102936.19294365327	610.5218258581069	46.07711893268732	0.0004476279685019019	boat sample: 4:20:00 PM, 8/23/2018; 41 50.934 / 83 11.592	134721	136494.0	134814.0	0.22um	9.9	88	Create and run amplicons with NEXTFLEX 16S V4 Amplicon-Seq 2.0 AND NEXTFLEX 18S ITS Amplicon-Seq for this sample. 16S/18S amplicons will have different barcodes, but be run on single MiSeq run. Save enough sample for Genomic Library Prep and NovaSeq Run.	
SC53_50	SC53	Lake Erie sample	Lake Erie sample	paired with SC52, SC51	2.0	SC53	Field 4	41.912283641221	-83.200988007138	194.0	64.0	Archive 5.0um/0.2um	2018-08-24	Absent	2018-08-24	Yes	Stony Point	w_boundary	06:17:45.430000	00:16:38	3.0172893297375953	1.0957050605630898	No	265.0	1.67912697134347	7733.55751616379	-0.511412664939617	24.1363083017283	Early	272780.9113006811	102936.19294365327	610.5218258581069	46.07711893268732	0.0004476279685019019	boat sample: 4:20:00 PM, 8/23/2018; 41 50.934 / 83 11.592	134720	136493.0	134813.0	5.0um	7.9	73	Create and run amplicons with NEXTFLEX 16S V4 Amplicon-Seq 2.0 AND NEXTFLEX 18S ITS Amplicon-Seq for this sample. 16S/18S amplicons will have different barcodes, but be run on single MiSeq run. Save enough sample for Genomic Library Prep and NovaSeq Run.	
SC51_22	SC51	Lake Erie sample	Lake Erie sample	paired with SC53, SC52	2.0	SC51	Field 6	41.9122723374042	-83.2017066531603	153.0	91.0	Archive 5.0um/0.2um	2018-08-24	Absent	2018-08-24	Yes	Stony Point	w_boundary	08:36:46.350000	00:17:06	3.093839452708295	1.1084622035753298	No	275.0	1.66522018379635	7717.62168553018	53.2577935699724	24.0789622706226	Core	470826.8211001173	171209.75312731537	3004.3600606942855	218.49891350503896	0.0012762059959432236	sample taken in between stations 4 and 12	134723	136496.0	134816.0	0.22um	11.9	87	Create and run amplicons with NEXTFLEX 16S V4 Amplicon-Seq 2.0 AND NEXTFLEX 18S ITS Amplicon-Seq for this sample. 16S/18S amplicons will have different barcodes, but be run on single MiSeq run. Save enough sample for Genomic Library Prep and NovaSeq Run.	
SC51_50	SC51	Lake Erie sample	Lake Erie sample	paired with SC53, SC52	2.0	SC51	Field 6	41.9122723374042	-83.2017066531603	153.0	91.0	Archive 5.0um/0.2um	2018-08-24	Absent	2018-08-24	Yes	Stony Point	w_boundary	08:36:46.350000	00:17:06	3.093839452708295	1.1084622035753298	No	275.0	1.66522018379635	7717.62168553018	53.2577935699724	24.0789622706226	Core	470826.8211001173	171209.75312731537	3004.3600606942855	218.49891350503896	0.0012762059959432236	sample taken in between stations 4 and 12	134722	136495.0	134815.0	5.0um	17.9	52	Create and run amplicons with NEXTFLEX 16S V4 Amplicon-Seq 2.0 AND NEXTFLEX 18S ITS Amplicon-Seq for this sample. 16S/18S amplicons will have different barcodes, but be run on single MiSeq run. Save enough sample for Genomic Library Prep and NovaSeq Run.	
SC50_22	SC50	Lake Erie sample	Lake Erie sample	singleton		SC50	Field 7	41.8248978176992	-83.2118439298364	173.0	279.0	Archive 5.0um/0.2um	2018-08-24	Absent	2018-08-24	Yes	WE4	open_water	15:05:02.010000	00:08:17	3.884800748522744	7.820579387450212	Yes	134.0				24.1156253814697	Late	117303.62276799539	87540.0	645.7042419478634	96.0	0.0010966415352981493	boat sample: 2:17:00 PM, 8/24/2018	134725	136498.0	134818.0	0.22um	5.3	88	Create and run amplicons with NEXTFLEX 16S V4 Amplicon-Seq 2.0 AND NEXTFLEX 18S ITS Amplicon-Seq for this sample. 16S/18S amplicons will have different barcodes, but be run on single MiSeq run. Save enough sample for Genomic Library Prep and NovaSeq Run.	
SC50_50	SC50	Lake Erie sample	Lake Erie sample	singleton		SC50	Field 7	41.8248978176992	-83.2118439298364	173.0	279.0	Archive 5.0um/0.2um	2018-08-24	Absent	2018-08-24	Yes	WE4	open_water	15:05:02.010000	00:08:17	3.884800748522744	7.820579387450212	Yes	134.0				24.1156253814697	Late	117303.62276799539	87540.0	645.7042419478634	96.0	0.0010966415352981493	boat sample: 2:17:00 PM, 8/24/2018	134724	136497.0	134817.0	5.0um	9.6	73	Create and run amplicons with NEXTFLEX 16S V4 Amplicon-Seq 2.0 AND NEXTFLEX 18S ITS Amplicon-Seq for this sample. 16S/18S amplicons will have different barcodes, but be run on single MiSeq run. Save enough sample for Genomic Library Prep and NovaSeq Run.	
SC48_22	SC48	Lake Erie sample	Lake Erie sample	paired with SC49	3.0	SC48	Field 9	41.793525647572	-83.2375037122724	160.0	14.0	Archive 5.0um/0.2um	2018-08-24	Low	2018-08-24	Yes	WE2-WE4	open_water	23:32:34.930000	00:08:10	3.05032099316367	2.2036250390378997	No	134.0	3.69663544751089	8515.78716313073	-0.530621792107183	24.1844800293811	Night	115887.92277220622	86484.0	795.1744759743656	119.0	0.001375977059340456		134727	136500.0	134820.0	0.22um	7.2	87	Create and run amplicons with NEXTFLEX 16S V4 Amplicon-Seq 2.0 AND NEXTFLEX 18S ITS Amplicon-Seq for this sample. 16S/18S amplicons will have different barcodes, but be run on single MiSeq run. Save enough sample for Genomic Library Prep and NovaSeq Run.	
SC48_50	SC48	Lake Erie sample	Lake Erie sample	paired with SC49	3.0	SC48	Field 9	41.793525647572	-83.2375037122724	160.0	14.0	Archive 5.0um/0.2um	2018-08-24	Low	2018-08-24	Yes	WE2-WE4	open_water	23:32:34.930000	00:08:10	3.05032099316367	2.2036250390378997	No	134.0	3.69663544751089	8515.78716313073	-0.530621792107183	24.1844800293811	Night	115887.92277220622	86484.0	795.1744759743656	119.0	0.001375977059340456		134726	136499.0	134819.0	5.0um	9.3	52	Create and run amplicons with NEXTFLEX 16S V4 Amplicon-Seq 2.0 AND NEXTFLEX 18S ITS Amplicon-Seq for this sample. 16S/18S amplicons will have different barcodes, but be run on single MiSeq run. Save enough sample for Genomic Library Prep and NovaSeq Run.	
SC47_50	SC47	Lake Erie sample	Lake Erie sample	singleton		SC47	Field 10	41.713789311477	-83.2710765499871	191.0	117.0	Archive 5.0um/0.2um	2018-08-26	Low	2018-08-27	No	WE12	s_boundary	05:55:07.470000	00:05:56	3.1251824526711647	6.15342966249439	Yes	98.6	3.12175250351429	7690.5041809082	-0.549557355897767	23.7178714752197	Early	146255.41068033472	147732.73806094416	500.8851488630473	101.18891896223178	0.0006849458034175765		134728	136501.0	134821.0	5.0um	6.1	73	Create and run amplicons with NEXTFLEX 16S V4 Amplicon-Seq 2.0 AND NEXTFLEX 18S ITS Amplicon-Seq for this sample. 16S/18S amplicons will have different barcodes, but be run on single MiSeq run. Save enough sample for Genomic Library Prep and NovaSeq Run.	
SC45_22	SC45	Lake Erie sample	Lake Erie sample	paired with SC44, SC43, SC42	4.0	SC45	Field 12	41.7666989225038	-83.3247112297875	162.0	78.0	Archive 5.0um/0.2um	2018-08-26	Low	2018-08-27	No	WE2	maumee_nearshore	15:24:51.720000	00:02:07	2.50852350146394	0.87280783806604	No	34.2	3.19381199307638	8612.34944215539	44.3661791265827	23.8227190644773	Late	162896.05891442037	95821.21112612964	147.81146164513044	86.94791861478261	0.0009073974080783941		134730	136503.0	134823.0	0.22um	0	87	Create and run amplicons with NEXTFLEX 16S V4 Amplicon-Seq 2.0 AND NEXTFLEX 18S ITS Amplicon-Seq for this sample. 16S/18S amplicons will have different barcodes, but be run on single MiSeq run. Save enough sample for Genomic Library Prep and NovaSeq Run.	
SC45_50	SC45	Lake Erie sample	Lake Erie sample	paired with SC44, SC43, SC42	4.0	SC45	Field 12	41.7666989225038	-83.3247112297875	162.0	78.0	Archive 5.0um/0.2um	2018-08-26	Low	2018-08-27	No	WE2	maumee_nearshore	15:24:51.720000	00:02:07	2.50852350146394	0.87280783806604	No	34.2	3.19381199307638	8612.34944215539	44.3661791265827	23.8227190644773	Late	162896.05891442037	95821.21112612964	147.81146164513044	86.94791861478261	0.0009073974080783941		134729	136502.0	134822.0	5.0um	0.8	69	Create and run amplicons with NEXTFLEX 16S V4 Amplicon-Seq 2.0 AND NEXTFLEX 18S ITS Amplicon-Seq for this sample. 16S/18S amplicons will have different barcodes, but be run on single MiSeq run. Save enough sample for Genomic Library Prep and NovaSeq Run.	
SC44_22	SC44	Lake Erie sample	Lake Erie sample	paired with SC45, SC43, SC42	4.0	SC44	Field 13	41.7662628673748	-83.3217895373153	57.0	149.0	Archive 5.0um/0.2um	2018-08-26	Low	2018-08-27	No	WE2	maumee_nearshore	15:53:08.530000	00:03:24	2.352329429965195	0.8547104807872101	No	58.9	3.22161565986839	8613.71398331926	44.0609644090807	23.8031746426144	Late	91025.46924117106	154280.45634096788	210.45713005066668	71.34140001717513	0.0004624137217970558		134732	136505.0	134825.0	0.22um	2.7	87	Create and run amplicons with NEXTFLEX 16S V4 Amplicon-Seq 2.0 AND NEXTFLEX 18S ITS Amplicon-Seq for this sample. 16S/18S amplicons will have different barcodes, but be run on single MiSeq run. Save enough sample for Genomic Library Prep and NovaSeq Run.	
SC44_50	SC44	Lake Erie sample	Lake Erie sample	paired with SC45, SC43, SC42	4.0	SC44	Field 13	41.7662628673748	-83.3217895373153	57.0	149.0	Archive 5.0um/0.2um	2018-08-26	Low	2018-08-27	No	WE2	maumee_nearshore	15:53:08.530000	00:03:24	2.352329429965195	0.8547104807872101	No	58.9	3.22161565986839	8613.71398331926	44.0609644090807	23.8031746426144	Late	91025.46924117106	154280.45634096788	210.45713005066668	71.34140001717513	0.0004624137217970558		134731	136504.0	134824.0	5.0um	3.8	72	Create and run amplicons with NEXTFLEX 16S V4 Amplicon-Seq 2.0 AND NEXTFLEX 18S ITS Amplicon-Seq for this sample. 16S/18S amplicons will have different barcodes, but be run on single MiSeq run. Save enough sample for Genomic Library Prep and NovaSeq Run.	
SC42_22	SC42	Lake Erie sample	Lake Erie sample	paired with SC45, SC44, SC43	4.0	SC42	Field 15	41.7642666658519	-83.3099092570307	298.0	142.0	Archive 5.0um/0.2um	2018-08-26	Low	2018-08-27	No	WE2	maumee_nearshore	17:57:43.540000	00:06:14	2.4984198157110047	0.9709891316950698	No	104.9	3.41139388262336	8747.13507535564	19.5481456500381	23.8264754209945	Late	184424.90783200186	175642.7693638113	1491.3962364751867	284.07547361432125	0.0016173479537088817		134734	136507.0	134827.0	0.22um	2.7	87	Create and run amplicons with NEXTFLEX 16S V4 Amplicon-Seq 2.0 AND NEXTFLEX 18S ITS Amplicon-Seq for this sample. 16S/18S amplicons will have different barcodes, but be run on single MiSeq run. Save enough sample for Genomic Library Prep and NovaSeq Run.	
SC42_50	SC42	Lake Erie sample	Lake Erie sample	paired with SC45, SC44, SC43	4.0	SC42	Field 15	41.7642666658519	-83.3099092570307	298.0	142.0	Archive 5.0um/0.2um	2018-08-26	Low	2018-08-27	No	WE2	maumee_nearshore	17:57:43.540000	00:06:14	2.4984198157110047	0.9709891316950698	No	104.9	3.41139388262336	8747.13507535564	19.5481456500381	23.8264754209945	Late	184424.90783200186	175642.7693638113	1491.3962364751867	284.07547361432125	0.0016173479537088817		134733	136506.0	134826.0	5.0um	6.4	72	Create and run amplicons with NEXTFLEX 16S V4 Amplicon-Seq 2.0 AND NEXTFLEX 18S ITS Amplicon-Seq for this sample. 16S/18S amplicons will have different barcodes, but be run on single MiSeq run. Save enough sample for Genomic Library Prep and NovaSeq Run.	
SC41_22	SC41	Lake Erie sample	Lake Erie sample	paired with SC40, SC39	5.0	SC41	Field 16	41.8042669982972	-83.3744452288599	183.0	173.0	Archive 5.0um/0.2um	2018-08-26	Medium	2018-08-27	No	WE2-WE8	maumee_nearshore	21:34:37.600000	00:03:10	2.4820637153169347	0.8149540654497698	No	51.2	3.93434911424463	9405.74846540179	-0.548169132491404	23.9346875927665	Late	105282.90377914344	206437.06623361458	138.87003147560404	54.45883587278589	0.00026380357397230947	2G ESP is not out, so no sample in association with the 2G. This leaves another triplicate available	134736	136509.0	134829.0	0.22um	3.2	87	Create and run amplicons with NEXTFLEX 16S V4 Amplicon-Seq 2.0 AND NEXTFLEX 18S ITS Amplicon-Seq for this sample. 16S/18S amplicons will have different barcodes, but be run on single MiSeq run. Save enough sample for Genomic Library Prep and NovaSeq Run.	
SC41_50	SC41	Lake Erie sample	Lake Erie sample	paired with SC40, SC39	5.0	SC41	Field 16	41.8042669982972	-83.3744452288599	183.0	173.0	Archive 5.0um/0.2um	2018-08-26	Medium	2018-08-27	No	WE2-WE8	maumee_nearshore	21:34:37.600000	00:03:10	2.4820637153169347	0.8149540654497698	No	51.2	3.93434911424463	9405.74846540179	-0.548169132491404	23.9346875927665	Late	105282.90377914344	206437.06623361458	138.87003147560404	54.45883587278589	0.00026380357397230947	2G ESP is not out, so no sample in association with the 2G. This leaves another triplicate available	134735	136508.0	134828.0	5.0um	3.9	72	Create and run amplicons with NEXTFLEX 16S V4 Amplicon-Seq 2.0 AND NEXTFLEX 18S ITS Amplicon-Seq for this sample. 16S/18S amplicons will have different barcodes, but be run on single MiSeq run. Save enough sample for Genomic Library Prep and NovaSeq Run.	
SC39_22	SC39	Lake Erie sample	Lake Erie sample	paired with SC41, SC40	5.0	SC39	Field 18	41.8021319959488	-83.3630264633614	176.0	114.0	Archive 5.0um/0.2um	2018-08-26	Medium	2018-08-27	No	WE2-WE8	maumee_nearshore	23:21:03.610000	00:03:33	2.49266302136285	0.7759184583869398	No	58.0	3.8657279838907	9106.06222469249	-0.537370910669895	23.8898732205654	Night	87049.86564490013	150085.9752498278	481.3839973722112	165.99448185248662	0.0011059959571584092		134738	136511.0	134831.0	0.22um	1.7	87	Create and run amplicons with NEXTFLEX 16S V4 Amplicon-Seq 2.0 AND NEXTFLEX 18S ITS Amplicon-Seq for this sample. 16S/18S amplicons will have different barcodes, but be run on single MiSeq run. Save enough sample for Genomic Library Prep and NovaSeq Run.	
SC39_50	SC39	Lake Erie sample	Lake Erie sample	paired with SC41, SC40	5.0	SC39	Field 18	41.8021319959488	-83.3630264633614	176.0	114.0	Archive 5.0um/0.2um	2018-08-26	Medium	2018-08-27	No	WE2-WE8	maumee_nearshore	23:21:03.610000	00:03:33	2.49266302136285	0.7759184583869398	No	58.0	3.8657279838907	9106.06222469249	-0.537370910669895	23.8898732205654	Night	87049.86564490013	150085.9752498278	481.3839973722112	165.99448185248662	0.0011059959571584092		134737	136510.0	134830.0	5.0um	5.4	72	Create and run amplicons with NEXTFLEX 16S V4 Amplicon-Seq 2.0 AND NEXTFLEX 18S ITS Amplicon-Seq for this sample. 16S/18S amplicons will have different barcodes, but be run on single MiSeq run. Save enough sample for Genomic Library Prep and NovaSeq Run.	
SC38_22	SC38	Lake Erie sample	Lake Erie sample	paired with SC37, SC36	6.0	SC38	Field 19	41.8375453092127	-83.3522834162817	197.0	340.0	Archive 5.0um/0.2um	2018-08-27	Medium	2018-08-27	Yes	WE8	maumee_nearshore	08:45:50.730000	00:04:03	2.47850145052946	0.72713200213098	No	65.6	4.53827524889866	8803.18791852679	5.31121660101003	23.9126414970811	Core	129468.49928520437	196164.39285637025	1016.8945636365315	308.1498677686459	0.0015708756481318726		134740	136513.0	134833.0	0.22um	2.8	87	Create and run amplicons with NEXTFLEX 16S V4 Amplicon-Seq 2.0 AND NEXTFLEX 18S ITS Amplicon-Seq for this sample. 16S/18S amplicons will have different barcodes, but be run on single MiSeq run. Save enough sample for Genomic Library Prep and NovaSeq Run.	
SC38_50	SC38	Lake Erie sample	Lake Erie sample	paired with SC37, SC36	6.0	SC38	Field 19	41.8375453092127	-83.3522834162817	197.0	340.0	Archive 5.0um/0.2um	2018-08-27	Medium	2018-08-27	Yes	WE8	maumee_nearshore	08:45:50.730000	00:04:03	2.47850145052946	0.72713200213098	No	65.6	4.53827524889866	8803.18791852679	5.31121660101003	23.9126414970811	Core	129468.49928520437	196164.39285637025	1016.8945636365315	308.1498677686459	0.0015708756481318726		134739	136512.0	134832.0	5.0um	6.3	72	Create and run amplicons with NEXTFLEX 16S V4 Amplicon-Seq 2.0 AND NEXTFLEX 18S ITS Amplicon-Seq for this sample. 16S/18S amplicons will have different barcodes, but be run on single MiSeq run. Save enough sample for Genomic Library Prep and NovaSeq Run.	
SC36_22	SC36	Lake Erie sample	Lake Erie sample	paired with SC38, SC37	6.0	SC36	Field 21	41.837554407653	-83.3522202326154	275.0	83.0	Archive 5.0um/0.2um	2018-08-27	Medium	2018-08-27	Yes	WE8	maumee_nearshore	10:35:15.950000	00:04:30	2.64221015916889	0.9080625050582602	No	74.5	4.56225169089533	8987.85360563076	16.8361258682567	23.9804307260821	Core	82702.73242962357	110270.30990616477	530.3806457797915	141.43483887461105	0.0012826194013145146	Vehicle recovery after this sample.  Charge on shore overnight.  While charging run Archival neg control.  Bleach. Run second Archival neg control.	134742	136515.0	134835.0	0.22um	3.1	87	Create and run amplicons with NEXTFLEX 16S V4 Amplicon-Seq 2.0 AND NEXTFLEX 18S ITS Amplicon-Seq for this sample. 16S/18S amplicons will have different barcodes, but be run on single MiSeq run. Save enough sample for Genomic Library Prep and NovaSeq Run.	
SC36_50	SC36	Lake Erie sample	Lake Erie sample	paired with SC38, SC37	6.0	SC36	Field 21	41.837554407653	-83.3522202326154	275.0	83.0	Archive 5.0um/0.2um	2018-08-27	Medium	2018-08-27	Yes	WE8	maumee_nearshore	10:35:15.950000	00:04:30	2.64221015916889	0.9080625050582602	No	74.5	4.56225169089533	8987.85360563076	16.8361258682567	23.9804307260821	Core	82702.73242962357	110270.30990616477	530.3806457797915	141.43483887461105	0.0012826194013145146	Vehicle recovery after this sample.  Charge on shore overnight.  While charging run Archival neg control.  Bleach. Run second Archival neg control.	134741	136514.0	134834.0	5.0um	7.7	72	Create and run amplicons with NEXTFLEX 16S V4 Amplicon-Seq 2.0 AND NEXTFLEX 18S ITS Amplicon-Seq for this sample. 16S/18S amplicons will have different barcodes, but be run on single MiSeq run. Save enough sample for Genomic Library Prep and NovaSeq Run.	
SC35_22	SC35	Lake Erie negative control	negative control			SC35	Leg 2 Neg control			263.0	71.0	Archive 5.0um/0.2um	2018-08-28				Lab		14:24:49.260000	00:33:05	Lab			1000.0					Late	3674.3883072191957	73.48776614438391					134744	136517.0		0.22um	0	88	Create and run amplicons with NEXTFLEX 16S V4 Amplicon-Seq 2.0 AND NEXTFLEX 18S ITS Amplicon-Seq for this sample. 16S/18S amplicons will have different barcodes, but be run on single MiSeq run.	
SC35_50	SC35	Lake Erie negative control	negative control			SC35	Leg 2 Neg control			263.0	71.0	Archive 5.0um/0.2um	2018-08-28				Lab		14:24:49.260000	00:33:05	Lab			1000.0					Late	3674.3883072191957	73.48776614438391					134743	136516.0		5.0um	0	88	Create and run amplicons with NEXTFLEX 16S V4 Amplicon-Seq 2.0 AND NEXTFLEX 18S ITS Amplicon-Seq for this sample. 16S/18S amplicons will have different barcodes, but be run on single MiSeq run.	
SC34_22	SC34	Lake Erie negative control	negative control			SC34	Leg 2 Neg control			48.0	283.0	Archive 5.0um/0.2um	2018-08-28				Lab		16:52:33.980000	00:32:05	Lab			1000.0					Late	395.0503635374317	7.901007270748633					134746			0.22um	0	88	Create and run amplicons with NEXTFLEX 16S V4 Amplicon-Seq 2.0 AND NEXTFLEX 18S ITS Amplicon-Seq for this sample. 16S/18S amplicons will have different barcodes, but be run on single MiSeq run.	136519.0
SC34_50	SC34	Lake Erie negative control	negative control			SC34	Leg 2 Neg control			48.0	283.0	Archive 5.0um/0.2um	2018-08-28				Lab		16:52:33.980000	00:32:05	Lab			1000.0					Late	395.0503635374317	7.901007270748633					134745			5.0um	0	88	Create and run amplicons with NEXTFLEX 16S V4 Amplicon-Seq 2.0 AND NEXTFLEX 18S ITS Amplicon-Seq for this sample. 16S/18S amplicons will have different barcodes, but be run on single MiSeq run.	136518.0
SC33_22	SC33	Lake Erie sample	Lake Erie sample	paired with SC32, SC31	7.0	SC33	Field 22	41.8496827786584	-83.1903605225813	65.0	329.0	Archive 5.0um/0.2um	2018-08-29	Absent	2018-08-29	Yes	WE4	open_water	01:13:56.270000	00:10:48	2.503714472804965	1.05326237122397	No	190.5	3.40379686746053	8293.91830557925	-0.539388974754154	24.7939138625455	Night	266184.5633781686	139363.64574773225	1585.9843133855065	166.0716558518855	0.0011916425905827586		134748	136521.0	134837.0	0.22um	9	87	Create and run amplicons with NEXTFLEX 16S V4 Amplicon-Seq 2.0 AND NEXTFLEX 18S ITS Amplicon-Seq for this sample. 16S/18S amplicons will have different barcodes, but be run on single MiSeq run. Save enough sample for Genomic Library Prep and NovaSeq Run.	
SC33_50	SC33	Lake Erie sample	Lake Erie sample	paired with SC32, SC31	7.0	SC33	Field 22	41.8496827786584	-83.1903605225813	65.0	329.0	Archive 5.0um/0.2um	2018-08-29	Absent	2018-08-29	Yes	WE4	open_water	01:13:56.270000	00:10:48	2.503714472804965	1.05326237122397	No	190.5	3.40379686746053	8293.91830557925	-0.539388974754154	24.7939138625455	Night	266184.5633781686	139363.64574773225	1585.9843133855065	166.0716558518855	0.0011916425905827586		134747	136520.0	134836.0	5.0um	8.8	72	Create and run amplicons with NEXTFLEX 16S V4 Amplicon-Seq 2.0 AND NEXTFLEX 18S ITS Amplicon-Seq for this sample. 16S/18S amplicons will have different barcodes, but be run on single MiSeq run. Save enough sample for Genomic Library Prep and NovaSeq Run.	
SC31_22	SC31	Lake Erie sample	Lake Erie sample	paired with SC33, SC32	7.0	SC31	Field 24	41.8460155856635	-83.1724260072493	287.0	82.0	Archive 5.0um/0.2um	2018-08-29	Absent	2018-08-29	Yes	WE4	open_water	03:30:29.390000	00:10:04	2.396980911122515	1.3483307670395301	No	168.3	3.47633516757358	8585.9274207531	-0.556027300052792	24.7196730521578	Night	115812.59151065085	68936.06637538741	188.67011553137343	22.460728039449215	0.0003258196938180459		134750	136523.0	134839.0	0.22um	4.1	87	Create and run amplicons with NEXTFLEX 16S V4 Amplicon-Seq 2.0 AND NEXTFLEX 18S ITS Amplicon-Seq for this sample. 16S/18S amplicons will have different barcodes, but be run on single MiSeq run. Save enough sample for Genomic Library Prep and NovaSeq Run.	
SC31_50	SC31	Lake Erie sample	Lake Erie sample	paired with SC33, SC32	7.0	SC31	Field 24	41.8460155856635	-83.1724260072493	287.0	82.0	Archive 5.0um/0.2um	2018-08-29	Absent	2018-08-29	Yes	WE4	open_water	03:30:29.390000	00:10:04	2.396980911122515	1.3483307670395301	No	168.3	3.47633516757358	8585.9274207531	-0.556027300052792	24.7196730521578	Night	115812.59151065085	68936.06637538741	188.67011553137343	22.460728039449215	0.0003258196938180459		134749	136522.0	134838.0	5.0um	7.2	72	Create and run amplicons with NEXTFLEX 16S V4 Amplicon-Seq 2.0 AND NEXTFLEX 18S ITS Amplicon-Seq for this sample. 16S/18S amplicons will have different barcodes, but be run on single MiSeq run. Save enough sample for Genomic Library Prep and NovaSeq Run.	
SC30_22	SC30	Lake Erie sample	Lake Erie sample	paired with SC29, SC28	8.0	SC30	Field 25	41.8132518034735	-83.2631884702123	63.0	62.0	Archive 5.0um/0.2um	2018-08-29	Absent	2018-08-29	Yes	WE2-WE4	open_water	11:01:26.570000	00:01:52	2.5089663440755947	1.23082867477217	No	26.3	5.14215487541912	8304.92322392086	13.3354932730147	24.7860952555704	Core	25475.939665083835	97984.38332724552	67.04734939207528	51.57488414775022	0.0005263582052203344		134752	136525.0	134841.0	0.22um	0.5	88	Create and run amplicons with NEXTFLEX 16S V4 Amplicon-Seq 2.0 AND NEXTFLEX 18S ITS Amplicon-Seq for this sample. 16S/18S amplicons will have different barcodes, but be run on single MiSeq run. Save enough sample for Genomic Library Prep and NovaSeq Run.	
SC30_50	SC30	Lake Erie sample	Lake Erie sample	paired with SC29, SC28	8.0	SC30	Field 25	41.8132518034735	-83.2631884702123	63.0	62.0	Archive 5.0um/0.2um	2018-08-29	Absent	2018-08-29	Yes	WE2-WE4	open_water	11:01:26.570000	00:01:52	2.5089663440755947	1.23082867477217	No	26.3	5.14215487541912	8304.92322392086	13.3354932730147	24.7860952555704	Core	25475.939665083835	97984.38332724552	67.04734939207528	51.57488414775022	0.0005263582052203344		134751	136524.0	134840.0	5.0um	1.8	73	Create and run amplicons with NEXTFLEX 16S V4 Amplicon-Seq 2.0 AND NEXTFLEX 18S ITS Amplicon-Seq for this sample. 16S/18S amplicons will have different barcodes, but be run on single MiSeq run. Save enough sample for Genomic Library Prep and NovaSeq Run.	
SC28_22	SC28	Lake Erie sample	Lake Erie sample	paired with SC30, SC29	8.0	SC28	Field 27	41.8132303047485	-83.2631284003106	279.0	295.0	Archive 5.0um/0.2um	2018-08-29	Absent	2018-08-29	Yes	WE2-WE4	open_water	13:01:35.450000	00:05:57	2.53437905355231	1.4260363230786002	No	96.5	5.31741664549884	8327.69312959559	3.68984743286582	24.8420602237477	Core	129236.54178581512	133233.54823279908	720.6992387649714	148.5977811886539	0.0011153180498428886		134754	136527.0	134843.0	0.22um	1.5	87	Create and run amplicons with NEXTFLEX 16S V4 Amplicon-Seq 2.0 AND NEXTFLEX 18S ITS Amplicon-Seq for this sample. 16S/18S amplicons will have different barcodes, but be run on single MiSeq run. Save enough sample for Genomic Library Prep and NovaSeq Run.	
SC28_50	SC28	Lake Erie sample	Lake Erie sample	paired with SC30, SC29	8.0	SC28	Field 27	41.8132303047485	-83.2631284003106	279.0	295.0	Archive 5.0um/0.2um	2018-08-29	Absent	2018-08-29	Yes	WE2-WE4	open_water	13:01:35.450000	00:05:57	2.53437905355231	1.4260363230786002	No	96.5	5.31741664549884	8327.69312959559	3.68984743286582	24.8420602237477	Core	129236.54178581512	133233.54823279908	720.6992387649714	148.5977811886539	0.0011153180498428886		134753	136526.0	134842.0	5.0um	6	72	Create and run amplicons with NEXTFLEX 16S V4 Amplicon-Seq 2.0 AND NEXTFLEX 18S ITS Amplicon-Seq for this sample. 16S/18S amplicons will have different barcodes, but be run on single MiSeq run. Save enough sample for Genomic Library Prep and NovaSeq Run.	
SC27_22	SC27	Lake Erie sample	Lake Erie sample	paired with SC26, SC25	9.0	SC27	Field 28	41.7741639663463	-83.3452030061926	49.0	104.0	Archive 5.0um/0.2um	2018-08-29	Medium	2018-08-30	No	WE2	maumee_nearshore	20:27:41.700000	00:01:25	2.53455455739946	0.87946026454786	No	19.8	3.71271158027649	8717.605640625	-0.53017426943779	25.4108128814697	Late	74339.1811084522	74339.1811084522	52.85573677916081	52.85573677916081	0.0007110077887736003		134756	136529.0	134845.0	0.22um	0.9	88	Create and run amplicons with NEXTFLEX 16S V4 Amplicon-Seq 2.0 AND NEXTFLEX 18S ITS Amplicon-Seq for this sample. 16S/18S amplicons will have different barcodes, but be run on single MiSeq run. Save enough sample for Genomic Library Prep and NovaSeq Run.	
SC27_50	SC27	Lake Erie sample	Lake Erie sample	paired with SC26, SC25	9.0	SC27	Field 28	41.7741639663463	-83.3452030061926	49.0	104.0	Archive 5.0um/0.2um	2018-08-29	Medium	2018-08-30	No	WE2	maumee_nearshore	20:27:41.700000	00:01:25	2.53455455739946	0.87946026454786	No	19.8	3.71271158027649	8717.605640625	-0.53017426943779	25.4108128814697	Late	74339.1811084522	74339.1811084522	52.85573677916081	52.85573677916081	0.0007110077887736003		134755	136528.0	134844.0	5.0um	0.8	69	Create and run amplicons with NEXTFLEX 16S V4 Amplicon-Seq 2.0 AND NEXTFLEX 18S ITS Amplicon-Seq for this sample. 16S/18S amplicons will have different barcodes, but be run on single MiSeq run. Save enough sample for Genomic Library Prep and NovaSeq Run.	
SC25_22	SC25	Lake Erie sample	Lake Erie sample	paired with SC27, SC26	9.0	SC25	Field 30	41.7714784638315	-83.3311344425682	271.0	282.0	Archive 5.0um/0.2um	2018-08-29	Low	2018-08-30	No	WE2	maumee_nearshore	22:14:54.580000	00:01:19	2.35528490438208	1.0449118779210602	No	19.2	3.67570705882839	8463.90935578893	-0.531513666764635	25.3280997979836	Night	46670.084857391324	245632.0255652175	1259.9240673821755	1326.2358604022902	0.005399279093801075		134758	136533.0	134847.0	0.22um	2.3	87	Create and run amplicons with NEXTFLEX 16S V4 Amplicon-Seq 2.0 AND NEXTFLEX 18S ITS Amplicon-Seq for this sample. 16S/18S amplicons will have different barcodes, but be run on single MiSeq run. Save enough sample for Genomic Library Prep and NovaSeq Run.	
SC25_50_A	SC25	Lake Erie sample	Lake Erie sample	paired with SC27, SC26	9.0	SC25	Field 30	41.7714784638315	-83.3311344425682	271.0	282.0	Archive 5.0um/0.2um	2018-08-29	Low	2018-08-30	No	WE2	maumee_nearshore	22:14:54.580000	00:01:19	2.35528490438208	1.0449118779210602	No	19.2	3.67570705882839	8463.90935578893	-0.531513666764635	25.3280997979836	Night	46670.084857391324	245632.0255652175	1259.9240673821755	1326.2358604022902	0.005399279093801075		134757	136530.0	134846.0	5.0um	1.72	200	Create and run amplicons (IN SINGULAR - ONE BARCODE) with NEXTFLEX 16S V4 Amplicon-Seq 2.0 AND (IN TRIPLICATE - THREE BARCODES) with NEXTFLEX 18S ITS Amplicon-Seq for this sample. ALL will be run on same MiSeq run. Save enough sample for Genomic Library Prep and NovaSeq Run.	
SC24_22	SC24	Lake Erie sample	Lake Erie sample	paired with SC23, SC22	10.0	SC24	Field 31	41.8356262744243	-83.3503996159826	50.0	30.0	Archive 5.0um/0.2um	2018-08-30	Medium	2018-08-30	Yes	WE8	maumee_nearshore	03:44:03.910000	00:04:46	2.524349904582425	1.03678632763769	No	81.4	4.75797477934096	8282.45268663194	-0.549562913841671	24.8503707461887	Night	143680.2290036798	177382.99876997503	273.63512915378476	67.5642294206876	0.00038089461723613585		134760	136535.0	134849.0	0.22um	1	88	Create and run amplicons with NEXTFLEX 16S V4 Amplicon-Seq 2.0 AND NEXTFLEX 18S ITS Amplicon-Seq for this sample. 16S/18S amplicons will have different barcodes, but be run on single MiSeq run. Save enough sample for Genomic Library Prep and NovaSeq Run.	
SC24_50	SC24	Lake Erie sample	Lake Erie sample	paired with SC23, SC22	10.0	SC24	Field 31	41.8356262744243	-83.3503996159826	50.0	30.0	Archive 5.0um/0.2um	2018-08-30	Medium	2018-08-30	Yes	WE8	maumee_nearshore	03:44:03.910000	00:04:46	2.524349904582425	1.03678632763769	No	81.4	4.75797477934096	8282.45268663194	-0.549562913841671	24.8503707461887	Night	143680.2290036798	177382.99876997503	273.63512915378476	67.5642294206876	0.00038089461723613585		134759	136534.0	134848.0	5.0um	3.4	73	Create and run amplicons with NEXTFLEX 16S V4 Amplicon-Seq 2.0 AND NEXTFLEX 18S ITS Amplicon-Seq for this sample. 16S/18S amplicons will have different barcodes, but be run on single MiSeq run. Save enough sample for Genomic Library Prep and NovaSeq Run.	
SC22_22	SC22	Lake Erie sample	Lake Erie sample	paired with SC24, SC23	10.0	SC22	Field 33	41.8325689843772	-83.3353725047157	293.0	56.0	Archive 5.0um/0.2um	2018-08-30	Medium	2018-08-30	Yes	WE8	maumee_nearshore	05:42:00.900000	00:04:44	2.48499611456436	0.7923940692778997	No	79.5	4.84862110444478	8117.4943259103	-0.543924038963658	24.7503619449479	Early	259107.41222105315	323884.26527631644	5071.648083726894	1267.9120209317234	0.003914707063185133	Replicate A - 5um data shown.  Replicate B - 5um and C - 5um ASV data not included in spreadsheet.  	134762	136539.0	134851.0	0.22um	3	87	Create and run amplicons with NEXTFLEX 16S V4 Amplicon-Seq 2.0 AND NEXTFLEX 18S ITS Amplicon-Seq for this sample. 16S/18S amplicons will have different barcodes, but be run on single MiSeq run. Save enough sample for Genomic Library Prep and NovaSeq Run.	
SC22_50_A	SC22	Lake Erie sample	Lake Erie sample	paired with SC24, SC23	10.0	SC22	Field 33	41.8325689843772	-83.3353725047157	293.0	56.0	Archive 5.0um/0.2um	2018-08-30	Medium	2018-08-30	Yes	WE8	maumee_nearshore	05:42:00.900000	00:04:44	2.48499611456436	0.7923940692778997	No	79.5	4.84862110444478	8117.4943259103	-0.543924038963658	24.7503619449479	Early	259107.41222105315	323884.26527631644	5071.648083726894	1267.9120209317234	0.003914707063185133	Replicate A - 5um data shown.  Replicate B - 5um and C - 5um ASV data not included in spreadsheet.  	134761	136536.0	134850.0	5.0um	3.72	200	Create and run amplicons (IN TRIPLICATE - THREE BARCODES) with NEXTFLEX 16S V4 Amplicon-Seq 2.0 AND (IN SINGULAR - ONE BARCODE) with NEXTFLEX 18S ITS Amplicon-Seq for this sample. ALL will be run on same MiSeq run. Save enough sample for Genomic Library Prep and NovaSeq Run.	
SC22_50_B	SC22	Lake Erie sample	Lake Erie sample	paired with SC24, SC23	10.0	SC22	Field 33	41.8325689843772	-83.3353725047157	293.0	56.0	Archive 5.0um/0.2um	2018-08-30	Medium	2018-08-30	Yes	WE8	maumee_nearshore	05:42:00.900000	00:04:44	2.48499611456436	0.7923940692778997	No	79.5	4.84862110444478	8117.4943259103	-0.543924038963658	24.7503619449479	Early	259107.41222105315	323884.26527631644	5071.648083726894	1267.9120209317234	0.003914707063185133	Replicate A - 5um data shown.  Replicate B - 5um and C - 5um ASV data not included in spreadsheet.  	136537			5.0um	See replicate A	See replicate A	Create and run amplicons (IN TRIPLICATE - THREE BARCODES) with NEXTFLEX 16S V4 Amplicon-Seq 2.0 AND (IN SINGULAR - ONE BARCODE) with NEXTFLEX 18S ITS Amplicon-Seq for this sample. ALL will be run on same MiSeq run. Save enough sample for Genomic Library Prep and NovaSeq Run.	
SC22_50_C	SC22	Lake Erie sample	Lake Erie sample	paired with SC24, SC23	10.0	SC22	Field 33	41.8325689843772	-83.3353725047157	293.0	56.0	Archive 5.0um/0.2um	2018-08-30	Medium	2018-08-30	Yes	WE8	maumee_nearshore	05:42:00.900000	00:04:44	2.48499611456436	0.7923940692778997	No	79.5	4.84862110444478	8117.4943259103	-0.543924038963658	24.7503619449479	Early	259107.41222105315	323884.26527631644	5071.648083726894	1267.9120209317234	0.003914707063185133	Replicate A - 5um data shown.  Replicate B - 5um and C - 5um ASV data not included in spreadsheet.  	136538			5.0um	See replicate A	See replicate A	Create and run amplicons (IN TRIPLICATE - THREE BARCODES) with NEXTFLEX 16S V4 Amplicon-Seq 2.0 AND (IN SINGULAR - ONE BARCODE) with NEXTFLEX 18S ITS Amplicon-Seq for this sample. ALL will be run on same MiSeq run. Save enough sample for Genomic Library Prep and NovaSeq Run.	
SC21_22	SC21	Lake Erie sample	Lake Erie sample	paired with SC20, SC19, SC18	11.0	SC21	Field 34	41.8465759222166	-83.2430062324525	37.0	238.0	Archive 5.0um/0.2um	2018-08-31	Low	2018-08-31	Yes	WE4-WNW	open_water	00:52:00.190000	00:29:30	2.551830196837185	1.49694395942117	No	472.8	2.04273550163123	7744.77680906185	-0.556680407159585	24.3761039233405	Night	338744.7728081405	71616.23103766184	140.36160772443333	5.934951700821705	8.287160068086533e-05		134764	136541.0	134853.0	0.22um	8.4	88	Create and run amplicons with NEXTFLEX 16S V4 Amplicon-Seq 2.0 AND NEXTFLEX 18S ITS Amplicon-Seq for this sample. 16S/18S amplicons will have different barcodes, but be run on single MiSeq run. Save enough sample for Genomic Library Prep and NovaSeq Run.	
SC21_50	SC21	Lake Erie sample	Lake Erie sample	paired with SC20, SC19, SC18	11.0	SC21	Field 34	41.8465759222166	-83.2430062324525	37.0	238.0	Archive 5.0um/0.2um	2018-08-31	Low	2018-08-31	Yes	WE4-WNW	open_water	00:52:00.190000	00:29:30	2.551830196837185	1.49694395942117	No	472.8	2.04273550163123	7744.77680906185	-0.556680407159585	24.3761039233405	Night	338744.7728081405	71616.23103766184	140.36160772443333	5.934951700821705	8.287160068086533e-05		134763	136540.0	134852.0	5.0um	11.8	72	Create and run amplicons with NEXTFLEX 16S V4 Amplicon-Seq 2.0 AND NEXTFLEX 18S ITS Amplicon-Seq for this sample. 16S/18S amplicons will have different barcodes, but be run on single MiSeq run. Save enough sample for Genomic Library Prep and NovaSeq Run.	
SC19_22	SC19	Lake Erie sample	Lake Erie sample	paired with SC21, SC20, SC18	11.0	SC19	Field 36	41.8465987093805	-83.2430555475966	32.0	224.0	Archive 5.0um/0.2um	2018-08-31	Low	2018-08-31	Yes	WE4-WNW	open_water	03:35:31.240000	00:25:51	2.485460957994115	1.2647244644035103	No	413.4	2.07550025987792	7654.01967141008	-0.552763914804614	24.2783371804058	Night	478215.40926222235	115790.65599569549	780.3258119077086	37.78817491078492	0.0003263490873753206		134766	136543.0	134855.0	0.22um	11.4	87	Create and run amplicons with NEXTFLEX 16S V4 Amplicon-Seq 2.0 AND NEXTFLEX 18S ITS Amplicon-Seq for this sample. 16S/18S amplicons will have different barcodes, but be run on single MiSeq run. Save enough sample for Genomic Library Prep and NovaSeq Run.	
SC19_50	SC19	Lake Erie sample	Lake Erie sample	paired with SC21, SC20, SC18	11.0	SC19	Field 36	41.8465987093805	-83.2430555475966	32.0	224.0	Archive 5.0um/0.2um	2018-08-31	Low	2018-08-31	Yes	WE4-WNW	open_water	03:35:31.240000	00:25:51	2.485460957994115	1.2647244644035103	No	413.4	2.07550025987792	7654.01967141008	-0.552763914804614	24.2783371804058	Night	478215.40926222235	115790.65599569549	780.3258119077086	37.78817491078492	0.0003263490873753206		134765	136542.0	134854.0	5.0um	18.3	72	Create and run amplicons with NEXTFLEX 16S V4 Amplicon-Seq 2.0 AND NEXTFLEX 18S ITS Amplicon-Seq for this sample. 16S/18S amplicons will have different barcodes, but be run on single MiSeq run. Save enough sample for Genomic Library Prep and NovaSeq Run.	
SC18_22	SC18	Lake Erie sample	Lake Erie sample	paired with SC21, SC20, SC19	11.0	SC18	Field 37	41.8465939679714	-83.243045286413	59.0	231.0	Archive 5.0um/0.2um	2018-08-31	Low	2018-08-31	Yes	WE4-WNW	open_water	05:44:35.110000	00:04:00	2.55227822434609	1.11902197948924	No	66.5	5.9167325295026	7583.97104807991	-0.539347786067137	24.7406253814697	Early	38101.59293036456	56868.04914979786	137.77497145261947	41.12685715003566	0.0007231979602764666		134768	136545.0	134857.0	0.22um	1.8	88	Create and run amplicons with NEXTFLEX 16S V4 Amplicon-Seq 2.0 AND NEXTFLEX 18S ITS Amplicon-Seq for this sample. 16S/18S amplicons will have different barcodes, but be run on single MiSeq run. Save enough sample for Genomic Library Prep and NovaSeq Run.	
SC18_50	SC18	Lake Erie sample	Lake Erie sample	paired with SC21, SC20, SC19	11.0	SC18	Field 37	41.8465939679714	-83.243045286413	59.0	231.0	Archive 5.0um/0.2um	2018-08-31	Low	2018-08-31	Yes	WE4-WNW	open_water	05:44:35.110000	00:04:00	2.55227822434609	1.11902197948924	No	66.5	5.9167325295026	7583.97104807991	-0.539347786067137	24.7406253814697	Early	38101.59293036456	56868.04914979786	137.77497145261947	41.12685715003566	0.0007231979602764666		134767	136544.0	134856.0	5.0um	4.3	73	Create and run amplicons with NEXTFLEX 16S V4 Amplicon-Seq 2.0 AND NEXTFLEX 18S ITS Amplicon-Seq for this sample. 16S/18S amplicons will have different barcodes, but be run on single MiSeq run. Save enough sample for Genomic Library Prep and NovaSeq Run.	
SC17_22	SC17	Lake Erie sample	Lake Erie sample	singleton		SC17	Field 38	41.8504693786689	-83.1949472851137	43.0	278.0	Archive 5.0um/0.2um	2018-08-31	Absent	2018-08-31	Yes	WE4	open_water	13:20:34.230000	00:10:57	2.53119976767276	1.02236005418344	No	176.6	4.92800208998889	8610.34713224085	137.140424812131	24.5719166685895	Core	204841.81287831537	115729.83778435897	334.8445114127331	37.835538012738205	0.0003269298457260235		134770	136547.0	134859.0	0.22um	4.8	87	Create and run amplicons with NEXTFLEX 16S V4 Amplicon-Seq 2.0 AND NEXTFLEX 18S ITS Amplicon-Seq for this sample. 16S/18S amplicons will have different barcodes, but be run on single MiSeq run. Save enough sample for Genomic Library Prep and NovaSeq Run.	
SC17_50	SC17	Lake Erie sample	Lake Erie sample	singleton		SC17	Field 38	41.8504693786689	-83.1949472851137	43.0	278.0	Archive 5.0um/0.2um	2018-08-31	Absent	2018-08-31	Yes	WE4	open_water	13:20:34.230000	00:10:57	2.53119976767276	1.02236005418344	No	176.6	4.92800208998889	8610.34713224085	137.140424812131	24.5719166685895	Core	204841.81287831537	115729.83778435897	334.8445114127331	37.835538012738205	0.0003269298457260235		134769	136546.0	134858.0	5.0um	12.3	72	Create and run amplicons with NEXTFLEX 16S V4 Amplicon-Seq 2.0 AND NEXTFLEX 18S ITS Amplicon-Seq for this sample. 16S/18S amplicons will have different barcodes, but be run on single MiSeq run. Save enough sample for Genomic Library Prep and NovaSeq Run.	
SC16_22	SC16	Lake Erie sample	Lake Erie sample	paired with SC15, SC14	12.0	SC16	Field 39	41.8461941447737	-83.2679924441615	55.0	60.0	Archive 5.0um/0.2um	2018-08-31	Low	2018-08-31	Yes	WE4-WE8	open_water	18:05:32.070000	00:04:27	2.504061330473185	1.1931226751954502	No	76.1	5.91462560032689	9336.37287427326	8.60535257028979	24.7953310500744	Late	148358.9370859919	195209.1277447262	555.7389669964457	146.24709657801205	0.0007491816508153169		134772	136549.0	134861.0	0.22um	1.7	88	Create and run amplicons with NEXTFLEX 16S V4 Amplicon-Seq 2.0 AND NEXTFLEX 18S ITS Amplicon-Seq for this sample. 16S/18S amplicons will have different barcodes, but be run on single MiSeq run. Save enough sample for Genomic Library Prep and NovaSeq Run.	
SC16_50	SC16	Lake Erie sample	Lake Erie sample	paired with SC15, SC14	12.0	SC16	Field 39	41.8461941447737	-83.2679924441615	55.0	60.0	Archive 5.0um/0.2um	2018-08-31	Low	2018-08-31	Yes	WE4-WE8	open_water	18:05:32.070000	00:04:27	2.504061330473185	1.1931226751954502	No	76.1	5.91462560032689	9336.37287427326	8.60535257028979	24.7953310500744	Late	148358.9370859919	195209.1277447262	555.7389669964457	146.24709657801205	0.0007491816508153169		134771	136548.0	134860.0	5.0um	6.3	73	Create and run amplicons with NEXTFLEX 16S V4 Amplicon-Seq 2.0 AND NEXTFLEX 18S ITS Amplicon-Seq for this sample. 16S/18S amplicons will have different barcodes, but be run on single MiSeq run. Save enough sample for Genomic Library Prep and NovaSeq Run.	
SC15_22	SC15	Lake Erie sample	Lake Erie sample	paired with SC16, SC14	12.0	SC15	Field 40	41.8475939034844	-83.2667740633864	221.0	272.0	Archive 5.0um/0.2um	2018-08-31	Low	2018-08-31	Yes	WE4-WE8	open_water	19:33:34.590000	00:03:56	2.56023604644334	1.22233070960006	No	66.1	5.85930079460144	9240.38610351562	0.74414911838714	24.7488089752197	Late	117768.88401963872	178437.70306005867	469.02925154194367	142.1300762248314	0.0007965249147877295		134774	136551.0	134863.0	0.22um	3.3	87	Create and run amplicons with NEXTFLEX 16S V4 Amplicon-Seq 2.0 AND NEXTFLEX 18S ITS Amplicon-Seq for this sample. 16S/18S amplicons will have different barcodes, but be run on single MiSeq run. Save enough sample for Genomic Library Prep and NovaSeq Run.	
SC15_50	SC15	Lake Erie sample	Lake Erie sample	paired with SC16, SC14	12.0	SC15	Field 40	41.8475939034844	-83.2667740633864	221.0	272.0	Archive 5.0um/0.2um	2018-08-31	Low	2018-08-31	Yes	WE4-WE8	open_water	19:33:34.590000	00:03:56	2.56023604644334	1.22233070960006	No	66.1	5.85930079460144	9240.38610351562	0.74414911838714	24.7488089752197	Late	117768.88401963872	178437.70306005867	469.02925154194367	142.1300762248314	0.0007965249147877295		134773	136550.0	134862.0	5.0um	7.2	72	Create and run amplicons with NEXTFLEX 16S V4 Amplicon-Seq 2.0 AND NEXTFLEX 18S ITS Amplicon-Seq for this sample. 16S/18S amplicons will have different barcodes, but be run on single MiSeq run. Save enough sample for Genomic Library Prep and NovaSeq Run.	
SC14_22	SC14	Lake Erie sample	Lake Erie sample	paired with SC16, SC15	12.0	SC14	Field 41	41.8467869208021	-83.2627010305909	166.0	74.0	Archive 5.0um/0.2um	2018-08-31	Low	2018-08-31	Yes	WE4-WE8	open_water	20:03:33.320000	00:03:56	2.57029017415892	1.00119784754362	No	65.6	5.82958864927292	9172.57208984375	-0.360642465651035	24.7252607822418	Late	140673.98322030602	213142.39881864548	144.4074856517829	43.759844136903915	0.00020530802120763148		134776	136553.0	134865.0	0.22um	1.1	88	Create and run amplicons with NEXTFLEX 16S V4 Amplicon-Seq 2.0 AND NEXTFLEX 18S ITS Amplicon-Seq for this sample. 16S/18S amplicons will have different barcodes, but be run on single MiSeq run. Save enough sample for Genomic Library Prep and NovaSeq Run.	
SC14_50	SC14	Lake Erie sample	Lake Erie sample	paired with SC16, SC15	12.0	SC14	Field 41	41.8467869208021	-83.2627010305909	166.0	74.0	Archive 5.0um/0.2um	2018-08-31	Low	2018-08-31	Yes	WE4-WE8	open_water	20:03:33.320000	00:03:56	2.57029017415892	1.00119784754362	No	65.6	5.82958864927292	9172.57208984375	-0.360642465651035	24.7252607822418	Late	140673.98322030602	213142.39881864548	144.4074856517829	43.759844136903915	0.00020530802120763148		134775	136552.0	134864.0	5.0um	5.7	73	Create and run amplicons with NEXTFLEX 16S V4 Amplicon-Seq 2.0 AND NEXTFLEX 18S ITS Amplicon-Seq for this sample. 16S/18S amplicons will have different barcodes, but be run on single MiSeq run. Save enough sample for Genomic Library Prep and NovaSeq Run.	
SC13_22	SC13	Lake Erie sample	Lake Erie sample	paired with SC12, SC11	13.0	SC13	Field 44	41.7880773172816	-83.1674444682563	164.0	207.0	Archive 5.0um/0.2um	2018-09-01	Absent	2018-09-02	No	WE4-WE13	open_water	02:33:24.020000	00:09:31	2.49760013642509	1.32877433652482	No	164.1	4.56902199983597	8406.57525369395	-0.560959668587083	24.5481505808623	Night	118097.57167028543	72010.71443310087	185.3841046948223	22.607817645710035	0.0003139507477975804		134778	136555.0	134867.0	0.22um	6.7	87	Create and run amplicons with NEXTFLEX 16S V4 Amplicon-Seq 2.0 AND NEXTFLEX 18S ITS Amplicon-Seq for this sample. 16S/18S amplicons will have different barcodes, but be run on single MiSeq run. Save enough sample for Genomic Library Prep and NovaSeq Run.	
SC13_50	SC13	Lake Erie sample	Lake Erie sample	paired with SC12, SC11	13.0	SC13	Field 44	41.7880773172816	-83.1674444682563	164.0	207.0	Archive 5.0um/0.2um	2018-09-01	Absent	2018-09-02	No	WE4-WE13	open_water	02:33:24.020000	00:09:31	2.49760013642509	1.32877433652482	No	164.1	4.56902199983597	8406.57525369395	-0.560959668587083	24.5481505808623	Night	118097.57167028543	72010.71443310087	185.3841046948223	22.607817645710035	0.0003139507477975804		134777	136554.0	134866.0	5.0um	8.5	72	Create and run amplicons with NEXTFLEX 16S V4 Amplicon-Seq 2.0 AND NEXTFLEX 18S ITS Amplicon-Seq for this sample. 16S/18S amplicons will have different barcodes, but be run on single MiSeq run. Save enough sample for Genomic Library Prep and NovaSeq Run.	
SC12_22	SC12	Lake Erie sample	Lake Erie sample	paired with SC13, SC11	13.0	SC12	Field 45	41.7871372387396	-83.1625868064349	60.0	66.0	Archive 5.0um/0.2um	2018-09-01	Absent	2018-09-02	No	WE4-WE13	open_water	03:09:59.090000	00:10:03	2.514629634272025	1.28665427489703	No	162.2	4.62549868078207	8378.60595320659	-0.553863007001404	24.5394857969359	Night	121974.19838787252	75292.71505424229	416.6798715680469	51.441959452845296	0.0006832262512486837		134780	136557.0	134869.0	0.22um	2.6	88	Create and run amplicons with NEXTFLEX 16S V4 Amplicon-Seq 2.0 AND NEXTFLEX 18S ITS Amplicon-Seq for this sample. 16S/18S amplicons will have different barcodes, but be run on single MiSeq run. Save enough sample for Genomic Library Prep and NovaSeq Run.	
SC12_50	SC12	Lake Erie sample	Lake Erie sample	paired with SC13, SC11	13.0	SC12	Field 45	41.7871372387396	-83.1625868064349	60.0	66.0	Archive 5.0um/0.2um	2018-09-01	Absent	2018-09-02	No	WE4-WE13	open_water	03:09:59.090000	00:10:03	2.514629634272025	1.28665427489703	No	162.2	4.62549868078207	8378.60595320659	-0.553863007001404	24.5394857969359	Night	121974.19838787252	75292.71505424229	416.6798715680469	51.441959452845296	0.0006832262512486837		134779	136556.0	134868.0	5.0um	6.1	73	Create and run amplicons with NEXTFLEX 16S V4 Amplicon-Seq 2.0 AND NEXTFLEX 18S ITS Amplicon-Seq for this sample. 16S/18S amplicons will have different barcodes, but be run on single MiSeq run. Save enough sample for Genomic Library Prep and NovaSeq Run.	
SC11_22	SC11	Lake Erie sample	Lake Erie sample	paired with SC13, SC12	13.0	SC11	Field 46	41.7862639725079	-83.1582791281873	40.0	245.0	Archive 5.0um/0.2um	2018-09-01	Absent	2018-09-02	No	WE4-WE13	open_water	03:46:03.520000	00:08:49	2.5017787833864054	1.0570451476781701	No	148.1	4.64716043939508	8353.33842688765	-0.551464914932031	24.5304195942727	Night	189575.59090126707	128091.61547382911	1566.8453369802492	211.73585634868232	0.001653003247444739		134782	136559.0	134871.0	0.22um	7.6	87	Create and run amplicons with NEXTFLEX 16S V4 Amplicon-Seq 2.0 AND NEXTFLEX 18S ITS Amplicon-Seq for this sample. 16S/18S amplicons will have different barcodes, but be run on single MiSeq run. Save enough sample for Genomic Library Prep and NovaSeq Run.	
SC11_50	SC11	Lake Erie sample	Lake Erie sample	paired with SC13, SC12	13.0	SC11	Field 46	41.7862639725079	-83.1582791281873	40.0	245.0	Archive 5.0um/0.2um	2018-09-01	Absent	2018-09-02	No	WE4-WE13	open_water	03:46:03.520000	00:08:49	2.5017787833864054	1.0570451476781701	No	148.1	4.64716043939508	8353.33842688765	-0.551464914932031	24.5304195942727	Night	189575.59090126707	128091.61547382911	1566.8453369802492	211.73585634868232	0.001653003247444739		134781	136558.0	134870.0	5.0um	10.2	72	Create and run amplicons with NEXTFLEX 16S V4 Amplicon-Seq 2.0 AND NEXTFLEX 18S ITS Amplicon-Seq for this sample. 16S/18S amplicons will have different barcodes, but be run on single MiSeq run. Save enough sample for Genomic Library Prep and NovaSeq Run.	
SC10_22	SC10	Lake Erie sample	Lake Erie sample	paired with SC09, SC08	14.0	SC10	Field 47	41.7571664047873	-83.1352812878448	266.0	150.0	Archive 5.0um/0.2um	2018-09-01	Absent	2018-09-02	No	WE13	open_water	07:17:08.900000	00:11:40	2.53995582048406	1.0421536612481401	No	193.6	3.46657003241557	8035.89985713252	4.83942746840141	24.5597865051693	Early	160913.78731541327	82945.25119351198	549.4926967031366	56.648731618880056	0.0006829653392298262		134784	136561.0	134873.0	0.22um	6.2	88	Create and run amplicons with NEXTFLEX 16S V4 Amplicon-Seq 2.0 AND NEXTFLEX 18S ITS Amplicon-Seq for this sample. 16S/18S amplicons will have different barcodes, but be run on single MiSeq run. Save enough sample for Genomic Library Prep and NovaSeq Run.	
SC10_50	SC10	Lake Erie sample	Lake Erie sample	paired with SC09, SC08	14.0	SC10	Field 47	41.7571664047873	-83.1352812878448	266.0	150.0	Archive 5.0um/0.2um	2018-09-01	Absent	2018-09-02	No	WE13	open_water	07:17:08.900000	00:11:40	2.53995582048406	1.0421536612481401	No	193.6	3.46657003241557	8035.89985713252	4.83942746840141	24.5597865051693	Early	160913.78731541327	82945.25119351198	549.4926967031366	56.648731618880056	0.0006829653392298262		134783	136560.0	134872.0	5.0um	8.8	73	Create and run amplicons with NEXTFLEX 16S V4 Amplicon-Seq 2.0 AND NEXTFLEX 18S ITS Amplicon-Seq for this sample. 16S/18S amplicons will have different barcodes, but be run on single MiSeq run. Save enough sample for Genomic Library Prep and NovaSeq Run.	
SC09_22	SC09	Lake Erie sample	Lake Erie sample	paired with SC10, SC08	14.0	SC09	Field 48	41.7562040794392	-83.1301745804856	184.0	327.0	Archive 5.0um/0.2um	2018-09-01	Absent	2018-09-02	No	WE13	open_water	07:55:48.840000	00:09:55	2.514700246065365	0.9542695736393099	No	162.8	3.42555285583843	8034.02697459367	14.3057759585865	24.5520913741168	Early	80554.01729786862	49419.64251402983	92.05399643230874	11.294968887399845	0.00022855221755586954		134786	136563.0	134875.0	0.22um	3.9	87	Create and run amplicons with NEXTFLEX 16S V4 Amplicon-Seq 2.0 AND NEXTFLEX 18S ITS Amplicon-Seq for this sample. 16S/18S amplicons will have different barcodes, but be run on single MiSeq run. Save enough sample for Genomic Library Prep and NovaSeq Run.	
SC09_50	SC09	Lake Erie sample	Lake Erie sample	paired with SC10, SC08	14.0	SC09	Field 48	41.7562040794392	-83.1301745804856	184.0	327.0	Archive 5.0um/0.2um	2018-09-01	Absent	2018-09-02	No	WE13	open_water	07:55:48.840000	00:09:55	2.514700246065365	0.9542695736393099	No	162.8	3.42555285583843	8034.02697459367	14.3057759585865	24.5520913741168	Early	80554.01729786862	49419.64251402983	92.05399643230874	11.294968887399845	0.00022855221755586954		134785	136562.0	134874.0	5.0um	8	72	Create and run amplicons with NEXTFLEX 16S V4 Amplicon-Seq 2.0 AND NEXTFLEX 18S ITS Amplicon-Seq for this sample. 16S/18S amplicons will have different barcodes, but be run on single MiSeq run. Save enough sample for Genomic Library Prep and NovaSeq Run.	
SC08_22	SC08	Lake Erie sample	Lake Erie sample	paired with SC10, SC09	14.0	SC08	Field 49	41.7552694243965	-83.125416652093	179.0	356.0	Archive 5.0um/0.2um	2018-09-01	Absent	2018-09-02	No	WE13	open_water	08:31:36.720000	00:12:37	2.4800792447759497	0.9290597263762401	No	208.3	3.42701740027506	8045.34773551644	36.4495352253769	24.550712862056	Core	116155.52680463358	55844.00327145845	124.56717071630885	11.977612568875852	0.00021448341571524726		134788	136565.0	134877.0	0.22um	5.8	88	Create and run amplicons with NEXTFLEX 16S V4 Amplicon-Seq 2.0 AND NEXTFLEX 18S ITS Amplicon-Seq for this sample. 16S/18S amplicons will have different barcodes, but be run on single MiSeq run. Save enough sample for Genomic Library Prep and NovaSeq Run.	
SC08_50	SC08	Lake Erie sample	Lake Erie sample	paired with SC10, SC09	14.0	SC08	Field 49	41.7552694243965	-83.125416652093	179.0	356.0	Archive 5.0um/0.2um	2018-09-01	Absent	2018-09-02	No	WE13	open_water	08:31:36.720000	00:12:37	2.4800792447759497	0.9290597263762401	No	208.3	3.42701740027506	8045.34773551644	36.4495352253769	24.550712862056	Core	116155.52680463358	55844.00327145845	124.56717071630885	11.977612568875852	0.00021448341571524726		134787	136564.0	134876.0	5.0um	6	73	Create and run amplicons with NEXTFLEX 16S V4 Amplicon-Seq 2.0 AND NEXTFLEX 18S ITS Amplicon-Seq for this sample. 16S/18S amplicons will have different barcodes, but be run on single MiSeq run. Save enough sample for Genomic Library Prep and NovaSeq Run.	
SC07_22	SC07	Lake Erie sample	Lake Erie sample	paired with SC06, SC05	15.0	SC07	Field 51-spare	41.7034293452814	-83.0707734642421	68.0	353.0	Archive 5.0um/0.2um	2018-09-02	Absent	2018-09-02	Yes	WE13-WE16-E	open_water	17:55:53.220000	00:02:56	2.4895076372689546	0.8874082653103899	No	48.3	3.88918816690614	8605.61776534763	9.14261663594895	25.1618069530239	Late	41692.38046662405	86859.12597213344	255.65283478379413	106.52201449324757	0.00122637677159476		134790	136567.0	134879.0	0.22um	1	87	Create and run amplicons with NEXTFLEX 16S V4 Amplicon-Seq 2.0 AND NEXTFLEX 18S ITS Amplicon-Seq for this sample. 16S/18S amplicons will have different barcodes, but be run on single MiSeq run. Save enough sample for Genomic Library Prep and NovaSeq Run.	
SC07_50	SC07	Lake Erie sample	Lake Erie sample	paired with SC06, SC05	15.0	SC07	Field 51-spare	41.7034293452814	-83.0707734642421	68.0	353.0	Archive 5.0um/0.2um	2018-09-02	Absent	2018-09-02	Yes	WE13-WE16-E	open_water	17:55:53.220000	00:02:56	2.4895076372689546	0.8874082653103899	No	48.3	3.88918816690614	8605.61776534763	9.14261663594895	25.1618069530239	Late	41692.38046662405	86859.12597213344	255.65283478379413	106.52201449324757	0.00122637677159476		134789	136566.0	134878.0	5.0um	3.9	72	Create and run amplicons with NEXTFLEX 16S V4 Amplicon-Seq 2.0 AND NEXTFLEX 18S ITS Amplicon-Seq for this sample. 16S/18S amplicons will have different barcodes, but be run on single MiSeq run. Save enough sample for Genomic Library Prep and NovaSeq Run.	
SC06_22	SC06	Lake Erie sample	Lake Erie sample	paired with SC07, SC05	15.0	SC06	Field 52-spare	41.7034303933713	-83.0707752111002	270.0	49.0	Archive 5.0um/0.2um	2018-09-02	Absent	2018-09-02	Yes	WE13-WE16-E	open_water	18:24:49.020000	00:01:07	2.454157064394595	0.7274925517667699	No	16.6	3.90737431213774	8274.51612169989	6.17044297991128	25.0163864267283	Late	44239.41860090857	52046.374824598315	17.382160208226217	20.44960024497202	0.00039291113576861593		134792	136569.0	134881.0	0.22um	0	87	Create and run amplicons with NEXTFLEX 16S V4 Amplicon-Seq 2.0 AND NEXTFLEX 18S ITS Amplicon-Seq for this sample. 16S/18S amplicons will have different barcodes, but be run on single MiSeq run. Save enough sample for Genomic Library Prep and NovaSeq Run.	
SC06_50	SC06	Lake Erie sample	Lake Erie sample	paired with SC07, SC05	15.0	SC06	Field 52-spare	41.7034303933713	-83.0707752111002	270.0	49.0	Archive 5.0um/0.2um	2018-09-02	Absent	2018-09-02	Yes	WE13-WE16-E	open_water	18:24:49.020000	00:01:07	2.454157064394595	0.7274925517667699	No	16.6	3.90737431213774	8274.51612169989	6.17044297991128	25.0163864267283	Late	44239.41860090857	52046.374824598315	17.382160208226217	20.44960024497202	0.00039291113576861593		134791	136568.0	134880.0	5.0um	1.5	69	Create and run amplicons with NEXTFLEX 16S V4 Amplicon-Seq 2.0 AND NEXTFLEX 18S ITS Amplicon-Seq for this sample. 16S/18S amplicons will have different barcodes, but be run on single MiSeq run. Save enough sample for Genomic Library Prep and NovaSeq Run.	
SC05_22	SC05	Lake Erie sample	Lake Erie sample	paired with SC07, SC06	15.0	SC05	Field 53-spare	41.70343145018	-83.07077697249	158.0	81.0	Archive 5.0um/0.2um	2018-09-02	Absent	2018-09-02	Yes	WE13-WE16-E	open_water	18:52:01.720000	00:03:07	2.550936569964255	1.0859175078305903	No	53.7	3.88724892343794	8395.10104910714	3.18052886315754	25.0932295445033	Late	11378.568457243087	21071.42306896868	110.48165440531443	40.91913126122757	0.0019419253805163295		134794	136571.0	134883.0	0.22um	2.3	88	Create and run amplicons with NEXTFLEX 16S V4 Amplicon-Seq 2.0 AND NEXTFLEX 18S ITS Amplicon-Seq for this sample. 16S/18S amplicons will have different barcodes, but be run on single MiSeq run. Save enough sample for Genomic Library Prep and NovaSeq Run.	
SC05_50	SC05	Lake Erie sample	Lake Erie sample	paired with SC07, SC06	15.0	SC05	Field 53-spare	41.70343145018	-83.07077697249	158.0	81.0	Archive 5.0um/0.2um	2018-09-02	Absent	2018-09-02	Yes	WE13-WE16-E	open_water	18:52:01.720000	00:03:07	2.550936569964255	1.0859175078305903	No	53.7	3.88724892343794	8395.10104910714	3.18052886315754	25.0932295445033	Late	11378.568457243087	21071.42306896868	110.48165440531443	40.91913126122757	0.0019419253805163295		134793	136570.0	134882.0	5.0um	5.1	76	Create and run amplicons with NEXTFLEX 16S V4 Amplicon-Seq 2.0 AND NEXTFLEX 18S ITS Amplicon-Seq for this sample. 16S/18S amplicons will have different barcodes, but be run on single MiSeq run. Save enough sample for Genomic Library Prep and NovaSeq Run.	
SC04_22	SC04	Lake Erie sample	Lake Erie sample	paired with SC03	16.0	SC04	Field 54-spare	41.6673605821656	-83.1071001477192	159.0	112.0	Archive 5.0um/0.2um	2018-09-02	Medium	2018-09-02	Yes	WE16-ENE	s_boundary	23:08:06.390000	00:04:42	2.581027470009735	0.9990051131434701	No	84.2	3.378283339231	9226.78028219591	-0.53563661398909	25.3056653198105	Night	21594.505271688344	25707.744371057554	2276.8830340409863	542.1150081049967	0.021087614700079402		134796	136573.0	134885.0	0.22um	3.2	88	Create and run amplicons with NEXTFLEX 16S V4 Amplicon-Seq 2.0 AND NEXTFLEX 18S ITS Amplicon-Seq for this sample. 16S/18S amplicons will have different barcodes, but be run on single MiSeq run. Save enough sample for Genomic Library Prep and NovaSeq Run.	
SC04_50	SC04	Lake Erie sample	Lake Erie sample	paired with SC03	16.0	SC04	Field 54-spare	41.6673605821656	-83.1071001477192	159.0	112.0	Archive 5.0um/0.2um	2018-09-02	Medium	2018-09-02	Yes	WE16-ENE	s_boundary	23:08:06.390000	00:04:42	2.581027470009735	0.9990051131434701	No	84.2	3.378283339231	9226.78028219591	-0.53563661398909	25.3056653198105	Night	21594.505271688344	25707.744371057554	2276.8830340409863	542.1150081049967	0.021087614700079402		134795	136572.0	134884.0	5.0um	5.1	73	Create and run amplicons with NEXTFLEX 16S V4 Amplicon-Seq 2.0 AND NEXTFLEX 18S ITS Amplicon-Seq for this sample. 16S/18S amplicons will have different barcodes, but be run on single MiSeq run. Save enough sample for Genomic Library Prep and NovaSeq Run.	
SC03_22	SC03	Lake Erie sample	Lake Erie sample	paired with SC04	16.0	SC03	Field 55-spare	41.6673554933383	-83.107102838293	161.0	44.0	Archive 5.0um/0.2um	2018-09-02	Medium	2018-09-02	Yes	WE16-ENE	s_boundary	23:38:55.840000	00:04:35	2.46252924465538	0.8036014952442603	No	78.5	3.08098374930295	9338.09275568182	-0.526882087100636	25.3809603777799	Night	62931.97512320783	79660.72800406054	2345.7891758756405	593.870677436871	0.007454999374429514		134798	136575.0	134887.0	0.22um	4	88	Create and run amplicons with NEXTFLEX 16S V4 Amplicon-Seq 2.0 AND NEXTFLEX 18S ITS Amplicon-Seq for this sample. 16S/18S amplicons will have different barcodes, but be run on single MiSeq run. Save enough sample for Genomic Library Prep and NovaSeq Run.	
SC03_50	SC03	Lake Erie sample	Lake Erie sample	paired with SC04	16.0	SC03	Field 55-spare	41.6673554933383	-83.107102838293	161.0	44.0	Archive 5.0um/0.2um	2018-09-02	Medium	2018-09-02	Yes	WE16-ENE	s_boundary	23:38:55.840000	00:04:35	2.46252924465538	0.8036014952442603	No	78.5	3.08098374930295	9338.09275568182	-0.526882087100636	25.3809603777799	Night	62931.97512320783	79660.72800406054	2345.7891758756405	593.870677436871	0.007454999374429514		134797	136574.0	134886.0	5.0um	8.1	73	Create and run amplicons with NEXTFLEX 16S V4 Amplicon-Seq 2.0 AND NEXTFLEX 18S ITS Amplicon-Seq for this sample. 16S/18S amplicons will have different barcodes, but be run on single MiSeq run. Save enough sample for Genomic Library Prep and NovaSeq Run.	
SC02_22	SC02	Lake Erie negative control	negative control			SC02	PostDeploymentNeg			157.0	227.0	Archive 5.0um/0.2um	2018-09-03				Lab		13:36:51.730000	00:44:23	Lab			1000.0					Lab	3312.710368808601	66.25420737617202					134800	136577.0		0.22um	0	67	Create and run amplicons with NEXTFLEX 16S V4 Amplicon-Seq 2.0 AND NEXTFLEX 18S ITS Amplicon-Seq for this sample. 16S/18S amplicons will have different barcodes, but be run on single MiSeq run.	
SC02_50	SC02	Lake Erie negative control	negative control			SC02	PostDeploymentNeg			157.0	227.0	Archive 5.0um/0.2um	2018-09-03				Lab		13:36:51.730000	00:44:23	Lab			1000.0					Lab	3312.710368808601	66.25420737617202					134799	136576.0	134888.0	5.0um	2.8	77	Create and run amplicons with NEXTFLEX 16S V4 Amplicon-Seq 2.0 AND NEXTFLEX 18S ITS Amplicon-Seq for this sample. 16S/18S amplicons will have different barcodes, but be run on single MiSeq run. Save enough sample for Genomic Library Prep and NovaSeq Run.	
NegCNTRL9	NegCNTRL9	DNA extraction negative control	extraction negative control																											182.25595881071078	36.45119176214216					134801		134889.0	Not applicable	0	80	Create and run amplicons with NEXTFLEX 16S V4 Amplicon-Seq 2.0 AND NEXTFLEX 18S ITS Amplicon-Seq for this sample. 16S/18S amplicons will have different barcodes, but be run on single MiSeq run. Save enough sample for Genomic Library Prep and NovaSeq Run.	136578.0
NegCNTRL10	NegCNTRL10	DNA extraction negative control	extraction negative control																											101.8675635493008	20.373512709860158					134802			Not applicable	0	80	Create and run amplicons with NEXTFLEX 16S V4 Amplicon-Seq 2.0 AND NEXTFLEX 18S ITS Amplicon-Seq for this sample. 16S/18S amplicons will have different barcodes, but be run on single MiSeq run.	136579.0
M_aeruginosa	M_aeruginosa	M. aeruginosa LE3 culture	single culture																																	134805			Not applicable	1.38	72	Create and run amplicons with ONLY NEXTFLEX 16S V4 Amplicon-Seq 2.0.	
